run_id,tag,restarts,iterations,initial_temperature,final_temperature,seed,best_energy,best_bitstring,best_gap_to_bruteforce,success_count,success_rate,validation_status,runs_csv,summary_json
0,run000_r100_it2000_t2.0_tf0.0001_s123,100,2000,2.0,0.0001,123,5.300000000000001,100000000000100,8.881784197001252e-16,11,0.11,PASS,results/tables/small_external_package_sa_sensitivity/run000_r100_it2000_t2.0_tf0.0001_s123_runs.csv,results/tables/small_external_package_sa_sensitivity/run000_r100_it2000_t2.0_tf0.0001_s123_summary.json
1,run001_r100_it2000_t2.0_tf0.0001_s456,100,2000,2.0,0.0001,456,5.300000000000001,100000000000100,8.881784197001252e-16,10,0.1,PASS,results/tables/small_external_package_sa_sensitivity/run001_r100_it2000_t2.0_tf0.0001_s456_runs.csv,results/tables/small_external_package_sa_sensitivity/run001_r100_it2000_t2.0_tf0.0001_s456_summary.json
2,run002_r100_it2000_t2.0_tf0.0001_s789,100,2000,2.0,0.0001,789,5.300000000000001,100000000000100,8.881784197001252e-16,5,0.05,PASS,results/tables/small_external_package_sa_sensitivity/run002_r100_it2000_t2.0_tf0.0001_s789_runs.csv,results/tables/small_external_package_sa_sensitivity/run002_r100_it2000_t2.0_tf0.0001_s789_summary.json
3,run003_r100_it2000_t2.0_tf0.001_s123,100,2000,2.0,0.001,123,5.300000000000001,100000000000100,8.881784197001252e-16,8,0.08,PASS,results/tables/small_external_package_sa_sensitivity/run003_r100_it2000_t2.0_tf0.001_s123_runs.csv,results/tables/small_external_package_sa_sensitivity/run003_r100_it2000_t2.0_tf0.001_s123_summary.json
4,run004_r100_it2000_t2.0_tf0.001_s456,100,2000,2.0,0.001,456,5.300000000000001,100000000000100,8.881784197001252e-16,11,0.11,PASS,results/tables/small_external_package_sa_sensitivity/run004_r100_it2000_t2.0_tf0.001_s456_runs.csv,results/tables/small_external_package_sa_sensitivity/run004_r100_it2000_t2.0_tf0.001_s456_summary.json
5,run005_r100_it2000_t2.0_tf0.001_s789,100,2000,2.0,0.001,789,5.300000000000001,100000000000100,8.881784197001252e-16,9,0.09,PASS,results/tables/small_external_package_sa_sensitivity/run005_r100_it2000_t2.0_tf0.001_s789_runs.csv,results/tables/small_external_package_sa_sensitivity/run005_r100_it2000_t2.0_tf0.001_s789_summary.json
6,run006_r100_it2000_t2.0_tf0.01_s123,100,2000,2.0,0.01,123,5.300000000000001,100000000000100,8.881784197001252e-16,10,0.1,PASS,results/tables/small_external_package_sa_sensitivity/run006_r100_it2000_t2.0_tf0.01_s123_runs.csv,results/tables/small_external_package_sa_sensitivity/run006_r100_it2000_t2.0_tf0.01_s123_summary.json
7,run007_r100_it2000_t2.0_tf0.01_s456,100,2000,2.0,0.01,456,5.300000000000001,100000000000100,8.881784197001252e-16,11,0.11,PASS,results/tables/small_external_package_sa_sensitivity/run007_r100_it2000_t2.0_tf0.01_s456_runs.csv,results/tables/small_external_package_sa_sensitivity/run007_r100_it2000_t2.0_tf0.01_s456_summary.json
8,run008_r100_it2000_t2.0_tf0.01_s789,100,2000,2.0,0.01,789,5.300000000000001,100000000000100,8.881784197001252e-16,8,0.08,PASS,results/tables/small_external_package_sa_sensitivity/run008_r100_it2000_t2.0_tf0.01_s789_runs.csv,results/tables/small_external_package_sa_sensitivity/run008_r100_it2000_t2.0_tf0.01_s789_summary.json
9,run009_r100_it2000_t5.0_tf0.0001_s123,100,2000,5.0,0.0001,123,5.300000000000001,100000000000100,8.881784197001252e-16,4,0.04,PASS,results/tables/small_external_package_sa_sensitivity/run009_r100_it2000_t5.0_tf0.0001_s123_runs.csv,results/tables/small_external_package_sa_sensitivity/run009_r100_it2000_t5.0_tf0.0001_s123_summary.json
10,run010_r100_it2000_t5.0_tf0.0001_s456,100,2000,5.0,0.0001,456,5.300000000000001,100000000000100,8.881784197001252e-16,6,0.06,PASS,results/tables/small_external_package_sa_sensitivity/run010_r100_it2000_t5.0_tf0.0001_s456_runs.csv,results/tables/small_external_package_sa_sensitivity/run010_r100_it2000_t5.0_tf0.0001_s456_summary.json
11,run011_r100_it2000_t5.0_tf0.0001_s789,100,2000,5.0,0.0001,789,5.300000000000001,100000000000100,8.881784197001252e-16,7,0.07,PASS,results/tables/small_external_package_sa_sensitivity/run011_r100_it2000_t5.0_tf0.0001_s789_runs.csv,results/tables/small_external_package_sa_sensitivity/run011_r100_it2000_t5.0_tf0.0001_s789_summary.json
12,run012_r100_it2000_t5.0_tf0.001_s123,100,2000,5.0,0.001,123,5.300000000000001,100000000000100,8.881784197001252e-16,4,0.04,PASS,results/tables/small_external_package_sa_sensitivity/run012_r100_it2000_t5.0_tf0.001_s123_runs.csv,results/tables/small_external_package_sa_sensitivity/run012_r100_it2000_t5.0_tf0.001_s123_summary.json
13,run013_r100_it2000_t5.0_tf0.001_s456,100,2000,5.0,0.001,456,5.300000000000001,100000000000100,8.881784197001252e-16,6,0.06,PASS,results/tables/small_external_package_sa_sensitivity/run013_r100_it2000_t5.0_tf0.001_s456_runs.csv,results/tables/small_external_package_sa_sensitivity/run013_r100_it2000_t5.0_tf0.001_s456_summary.json
14,run014_r100_it2000_t5.0_tf0.001_s789,100,2000,5.0,0.001,789,5.300000000000001,100000000000100,8.881784197001252e-16,7,0.07,PASS,results/tables/small_external_package_sa_sensitivity/run014_r100_it2000_t5.0_tf0.001_s789_runs.csv,results/tables/small_external_package_sa_sensitivity/run014_r100_it2000_t5.0_tf0.001_s789_summary.json
15,run015_r100_it2000_t5.0_tf0.01_s123,100,2000,5.0,0.01,123,5.300000000000001,100000000000100,8.881784197001252e-16,11,0.11,PASS,results/tables/small_external_package_sa_sensitivity/run015_r100_it2000_t5.0_tf0.01_s123_runs.csv,results/tables/small_external_package_sa_sensitivity/run015_r100_it2000_t5.0_tf0.01_s123_summary.json
16,run016_r100_it2000_t5.0_tf0.01_s456,100,2000,5.0,0.01,456,5.300000000000001,100000000000100,8.881784197001252e-16,8,0.08,PASS,results/tables/small_external_package_sa_sensitivity/run016_r100_it2000_t5.0_tf0.01_s456_runs.csv,results/tables/small_external_package_sa_sensitivity/run016_r100_it2000_t5.0_tf0.01_s456_summary.json
17,run017_r100_it2000_t5.0_tf0.01_s789,100,2000,5.0,0.01,789,5.300000000000001,100000000000100,8.881784197001252e-16,5,0.05,PASS,results/tables/small_external_package_sa_sensitivity/run017_r100_it2000_t5.0_tf0.01_s789_runs.csv,results/tables/small_external_package_sa_sensitivity/run017_r100_it2000_t5.0_tf0.01_s789_summary.json
18,run018_r100_it2000_t10.0_tf0.0001_s123,100,2000,10.0,0.0001,123,5.300000000000001,100000000000100,8.881784197001252e-16,10,0.1,PASS,results/tables/small_external_package_sa_sensitivity/run018_r100_it2000_t10.0_tf0.0001_s123_runs.csv,results/tables/small_external_package_sa_sensitivity/run018_r100_it2000_t10.0_tf0.0001_s123_summary.json
19,run019_r100_it2000_t10.0_tf0.0001_s456,100,2000,10.0,0.0001,456,5.300000000000001,100000000000100,8.881784197001252e-16,12,0.12,PASS,results/tables/small_external_package_sa_sensitivity/run019_r100_it2000_t10.0_tf0.0001_s456_runs.csv,results/tables/small_external_package_sa_sensitivity/run019_r100_it2000_t10.0_tf0.0001_s456_summary.json
20,run020_r100_it2000_t10.0_tf0.0001_s789,100,2000,10.0,0.0001,789,5.300000000000001,100000000000100,8.881784197001252e-16,8,0.08,PASS,results/tables/small_external_package_sa_sensitivity/run020_r100_it2000_t10.0_tf0.0001_s789_runs.csv,results/tables/small_external_package_sa_sensitivity/run020_r100_it2000_t10.0_tf0.0001_s789_summary.json
21,run021_r100_it2000_t10.0_tf0.001_s123,100,2000,10.0,0.001,123,5.300000000000001,100000000000100,8.881784197001252e-16,14,0.14,PASS,results/tables/small_external_package_sa_sensitivity/run021_r100_it2000_t10.0_tf0.001_s123_runs.csv,results/tables/small_external_package_sa_sensitivity/run021_r100_it2000_t10.0_tf0.001_s123_summary.json
22,run022_r100_it2000_t10.0_tf0.001_s456,100,2000,10.0,0.001,456,5.300000000000001,100000000000100,8.881784197001252e-16,8,0.08,PASS,results/tables/small_external_package_sa_sensitivity/run022_r100_it2000_t10.0_tf0.001_s456_runs.csv,results/tables/small_external_package_sa_sensitivity/run022_r100_it2000_t10.0_tf0.001_s456_summary.json
23,run023_r100_it2000_t10.0_tf0.001_s789,100,2000,10.0,0.001,789,5.300000000000001,100000000000100,8.881784197001252e-16,9,0.09,PASS,results/tables/small_external_package_sa_sensitivity/run023_r100_it2000_t10.0_tf0.001_s789_runs.csv,results/tables/small_external_package_sa_sensitivity/run023_r100_it2000_t10.0_tf0.001_s789_summary.json
24,run024_r100_it2000_t10.0_tf0.01_s123,100,2000,10.0,0.01,123,5.300000000000001,100000000000100,8.881784197001252e-16,12,0.12,PASS,results/tables/small_external_package_sa_sensitivity/run024_r100_it2000_t10.0_tf0.01_s123_runs.csv,results/tables/small_external_package_sa_sensitivity/run024_r100_it2000_t10.0_tf0.01_s123_summary.json
25,run025_r100_it2000_t10.0_tf0.01_s456,100,2000,10.0,0.01,456,5.300000000000001,100000000000100,8.881784197001252e-16,12,0.12,PASS,results/tables/small_external_package_sa_sensitivity/run025_r100_it2000_t10.0_tf0.01_s456_runs.csv,results/tables/small_external_package_sa_sensitivity/run025_r100_it2000_t10.0_tf0.01_s456_summary.json
26,run026_r100_it2000_t10.0_tf0.01_s789,100,2000,10.0,0.01,789,5.300000000000001,100000000000100,8.881784197001252e-16,10,0.1,PASS,results/tables/small_external_package_sa_sensitivity/run026_r100_it2000_t10.0_tf0.01_s789_runs.csv,results/tables/small_external_package_sa_sensitivity/run026_r100_it2000_t10.0_tf0.01_s789_summary.json
27,run027_r100_it2000_t20.0_tf0.0001_s123,100,2000,20.0,0.0001,123,5.300000000000001,100000000000100,8.881784197001252e-16,14,0.14,PASS,results/tables/small_external_package_sa_sensitivity/run027_r100_it2000_t20.0_tf0.0001_s123_runs.csv,results/tables/small_external_package_sa_sensitivity/run027_r100_it2000_t20.0_tf0.0001_s123_summary.json
28,run028_r100_it2000_t20.0_tf0.0001_s456,100,2000,20.0,0.0001,456,5.300000000000001,100000000000100,8.881784197001252e-16,14,0.14,PASS,results/tables/small_external_package_sa_sensitivity/run028_r100_it2000_t20.0_tf0.0001_s456_runs.csv,results/tables/small_external_package_sa_sensitivity/run028_r100_it2000_t20.0_tf0.0001_s456_summary.json
29,run029_r100_it2000_t20.0_tf0.0001_s789,100,2000,20.0,0.0001,789,5.300000000000001,100000000000100,8.881784197001252e-16,19,0.19,PASS,results/tables/small_external_package_sa_sensitivity/run029_r100_it2000_t20.0_tf0.0001_s789_runs.csv,results/tables/small_external_package_sa_sensitivity/run029_r100_it2000_t20.0_tf0.0001_s789_summary.json
30,run030_r100_it2000_t20.0_tf0.001_s123,100,2000,20.0,0.001,123,5.300000000000001,100000000000100,8.881784197001252e-16,25,0.25,PASS,results/tables/small_external_package_sa_sensitivity/run030_r100_it2000_t20.0_tf0.001_s123_runs.csv,results/tables/small_external_package_sa_sensitivity/run030_r100_it2000_t20.0_tf0.001_s123_summary.json
31,run031_r100_it2000_t20.0_tf0.001_s456,100,2000,20.0,0.001,456,5.300000000000001,100000000000100,8.881784197001252e-16,23,0.23,PASS,results/tables/small_external_package_sa_sensitivity/run031_r100_it2000_t20.0_tf0.001_s456_runs.csv,results/tables/small_external_package_sa_sensitivity/run031_r100_it2000_t20.0_tf0.001_s456_summary.json
32,run032_r100_it2000_t20.0_tf0.001_s789,100,2000,20.0,0.001,789,5.300000000000001,100000000000100,8.881784197001252e-16,23,0.23,PASS,results/tables/small_external_package_sa_sensitivity/run032_r100_it2000_t20.0_tf0.001_s789_runs.csv,results/tables/small_external_package_sa_sensitivity/run032_r100_it2000_t20.0_tf0.001_s789_summary.json
33,run033_r100_it2000_t20.0_tf0.01_s123,100,2000,20.0,0.01,123,5.300000000000001,100000000000100,8.881784197001252e-16,28,0.28,PASS,results/tables/small_external_package_sa_sensitivity/run033_r100_it2000_t20.0_tf0.01_s123_runs.csv,results/tables/small_external_package_sa_sensitivity/run033_r100_it2000_t20.0_tf0.01_s123_summary.json
34,run034_r100_it2000_t20.0_tf0.01_s456,100,2000,20.0,0.01,456,5.300000000000001,100000000000100,8.881784197001252e-16,21,0.21,PASS,results/tables/small_external_package_sa_sensitivity/run034_r100_it2000_t20.0_tf0.01_s456_runs.csv,results/tables/small_external_package_sa_sensitivity/run034_r100_it2000_t20.0_tf0.01_s456_summary.json
35,run035_r100_it2000_t20.0_tf0.01_s789,100,2000,20.0,0.01,789,5.300000000000001,100000000000100,8.881784197001252e-16,19,0.19,PASS,results/tables/small_external_package_sa_sensitivity/run035_r100_it2000_t20.0_tf0.01_s789_runs.csv,results/tables/small_external_package_sa_sensitivity/run035_r100_it2000_t20.0_tf0.01_s789_summary.json
36,run036_r100_it5000_t2.0_tf0.0001_s123,100,5000,2.0,0.0001,123,5.300000000000001,100000000000100,8.881784197001252e-16,7,0.07,PASS,results/tables/small_external_package_sa_sensitivity/run036_r100_it5000_t2.0_tf0.0001_s123_runs.csv,results/tables/small_external_package_sa_sensitivity/run036_r100_it5000_t2.0_tf0.0001_s123_summary.json
37,run037_r100_it5000_t2.0_tf0.0001_s456,100,5000,2.0,0.0001,456,5.300000000000001,100000000000100,8.881784197001252e-16,12,0.12,PASS,results/tables/small_external_package_sa_sensitivity/run037_r100_it5000_t2.0_tf0.0001_s456_runs.csv,results/tables/small_external_package_sa_sensitivity/run037_r100_it5000_t2.0_tf0.0001_s456_summary.json
38,run038_r100_it5000_t2.0_tf0.0001_s789,100,5000,2.0,0.0001,789,5.300000000000001,100000000000100,8.881784197001252e-16,9,0.09,PASS,results/tables/small_external_package_sa_sensitivity/run038_r100_it5000_t2.0_tf0.0001_s789_runs.csv,results/tables/small_external_package_sa_sensitivity/run038_r100_it5000_t2.0_tf0.0001_s789_summary.json
39,run039_r100_it5000_t2.0_tf0.001_s123,100,5000,2.0,0.001,123,5.300000000000001,100000000000100,8.881784197001252e-16,7,0.07,PASS,results/tables/small_external_package_sa_sensitivity/run039_r100_it5000_t2.0_tf0.001_s123_runs.csv,results/tables/small_external_package_sa_sensitivity/run039_r100_it5000_t2.0_tf0.001_s123_summary.json
40,run040_r100_it5000_t2.0_tf0.001_s456,100,5000,2.0,0.001,456,5.300000000000001,100000000000100,8.881784197001252e-16,9,0.09,PASS,results/tables/small_external_package_sa_sensitivity/run040_r100_it5000_t2.0_tf0.001_s456_runs.csv,results/tables/small_external_package_sa_sensitivity/run040_r100_it5000_t2.0_tf0.001_s456_summary.json
41,run041_r100_it5000_t2.0_tf0.001_s789,100,5000,2.0,0.001,789,5.300000000000001,100000000000100,8.881784197001252e-16,10,0.1,PASS,results/tables/small_external_package_sa_sensitivity/run041_r100_it5000_t2.0_tf0.001_s789_runs.csv,results/tables/small_external_package_sa_sensitivity/run041_r100_it5000_t2.0_tf0.001_s789_summary.json
42,run042_r100_it5000_t2.0_tf0.01_s123,100,5000,2.0,0.01,123,5.300000000000001,100000000000100,8.881784197001252e-16,8,0.08,PASS,results/tables/small_external_package_sa_sensitivity/run042_r100_it5000_t2.0_tf0.01_s123_runs.csv,results/tables/small_external_package_sa_sensitivity/run042_r100_it5000_t2.0_tf0.01_s123_summary.json
43,run043_r100_it5000_t2.0_tf0.01_s456,100,5000,2.0,0.01,456,5.300000000000001,100000000000100,8.881784197001252e-16,13,0.13,PASS,results/tables/small_external_package_sa_sensitivity/run043_r100_it5000_t2.0_tf0.01_s456_runs.csv,results/tables/small_external_package_sa_sensitivity/run043_r100_it5000_t2.0_tf0.01_s456_summary.json
44,run044_r100_it5000_t2.0_tf0.01_s789,100,5000,2.0,0.01,789,5.300000000000001,100000000000100,8.881784197001252e-16,6,0.06,PASS,results/tables/small_external_package_sa_sensitivity/run044_r100_it5000_t2.0_tf0.01_s789_runs.csv,results/tables/small_external_package_sa_sensitivity/run044_r100_it5000_t2.0_tf0.01_s789_summary.json
45,run045_r100_it5000_t5.0_tf0.0001_s123,100,5000,5.0,0.0001,123,5.300000000000001,100000000000100,8.881784197001252e-16,13,0.13,PASS,results/tables/small_external_package_sa_sensitivity/run045_r100_it5000_t5.0_tf0.0001_s123_runs.csv,results/tables/small_external_package_sa_sensitivity/run045_r100_it5000_t5.0_tf0.0001_s123_summary.json
46,run046_r100_it5000_t5.0_tf0.0001_s456,100,5000,5.0,0.0001,456,5.300000000000001,100000000000100,8.881784197001252e-16,3,0.03,PASS,results/tables/small_external_package_sa_sensitivity/run046_r100_it5000_t5.0_tf0.0001_s456_runs.csv,results/tables/small_external_package_sa_sensitivity/run046_r100_it5000_t5.0_tf0.0001_s456_summary.json
47,run047_r100_it5000_t5.0_tf0.0001_s789,100,5000,5.0,0.0001,789,5.300000000000001,100000000000100,8.881784197001252e-16,6,0.06,PASS,results/tables/small_external_package_sa_sensitivity/run047_r100_it5000_t5.0_tf0.0001_s789_runs.csv,results/tables/small_external_package_sa_sensitivity/run047_r100_it5000_t5.0_tf0.0001_s789_summary.json
48,run048_r100_it5000_t5.0_tf0.001_s123,100,5000,5.0,0.001,123,5.300000000000001,100000000000100,8.881784197001252e-16,11,0.11,PASS,results/tables/small_external_package_sa_sensitivity/run048_r100_it5000_t5.0_tf0.001_s123_runs.csv,results/tables/small_external_package_sa_sensitivity/run048_r100_it5000_t5.0_tf0.001_s123_summary.json
49,run049_r100_it5000_t5.0_tf0.001_s456,100,5000,5.0,0.001,456,5.300000000000001,100000000000100,8.881784197001252e-16,8,0.08,PASS,results/tables/small_external_package_sa_sensitivity/run049_r100_it5000_t5.0_tf0.001_s456_runs.csv,results/tables/small_external_package_sa_sensitivity/run049_r100_it5000_t5.0_tf0.001_s456_summary.json
50,run050_r100_it5000_t5.0_tf0.001_s789,100,5000,5.0,0.001,789,5.300000000000001,100000000000100,8.881784197001252e-16,7,0.07,PASS,results/tables/small_external_package_sa_sensitivity/run050_r100_it5000_t5.0_tf0.001_s789_runs.csv,results/tables/small_external_package_sa_sensitivity/run050_r100_it5000_t5.0_tf0.001_s789_summary.json
51,run051_r100_it5000_t5.0_tf0.01_s123,100,5000,5.0,0.01,123,5.300000000000001,100000000000100,8.881784197001252e-16,8,0.08,PASS,results/tables/small_external_package_sa_sensitivity/run051_r100_it5000_t5.0_tf0.01_s123_runs.csv,results/tables/small_external_package_sa_sensitivity/run051_r100_it5000_t5.0_tf0.01_s123_summary.json
52,run052_r100_it5000_t5.0_tf0.01_s456,100,5000,5.0,0.01,456,5.300000000000001,100000000000100,8.881784197001252e-16,7,0.07,PASS,results/tables/small_external_package_sa_sensitivity/run052_r100_it5000_t5.0_tf0.01_s456_runs.csv,results/tables/small_external_package_sa_sensitivity/run052_r100_it5000_t5.0_tf0.01_s456_summary.json
53,run053_r100_it5000_t5.0_tf0.01_s789,100,5000,5.0,0.01,789,5.300000000000001,100000000000100,8.881784197001252e-16,6,0.06,PASS,results/tables/small_external_package_sa_sensitivity/run053_r100_it5000_t5.0_tf0.01_s789_runs.csv,results/tables/small_external_package_sa_sensitivity/run053_r100_it5000_t5.0_tf0.01_s789_summary.json
54,run054_r100_it5000_t10.0_tf0.0001_s123,100,5000,10.0,0.0001,123,5.300000000000001,100000000000100,8.881784197001252e-16,10,0.1,PASS,results/tables/small_external_package_sa_sensitivity/run054_r100_it5000_t10.0_tf0.0001_s123_runs.csv,results/tables/small_external_package_sa_sensitivity/run054_r100_it5000_t10.0_tf0.0001_s123_summary.json
55,run055_r100_it5000_t10.0_tf0.0001_s456,100,5000,10.0,0.0001,456,5.300000000000001,100000000000100,8.881784197001252e-16,9,0.09,PASS,results/tables/small_external_package_sa_sensitivity/run055_r100_it5000_t10.0_tf0.0001_s456_runs.csv,results/tables/small_external_package_sa_sensitivity/run055_r100_it5000_t10.0_tf0.0001_s456_summary.json
56,run056_r100_it5000_t10.0_tf0.0001_s789,100,5000,10.0,0.0001,789,5.300000000000001,100000000000100,8.881784197001252e-16,10,0.1,PASS,results/tables/small_external_package_sa_sensitivity/run056_r100_it5000_t10.0_tf0.0001_s789_runs.csv,results/tables/small_external_package_sa_sensitivity/run056_r100_it5000_t10.0_tf0.0001_s789_summary.json
57,run057_r100_it5000_t10.0_tf0.001_s123,100,5000,10.0,0.001,123,5.300000000000001,100000000000100,8.881784197001252e-16,16,0.16,PASS,results/tables/small_external_package_sa_sensitivity/run057_r100_it5000_t10.0_tf0.001_s123_runs.csv,results/tables/small_external_package_sa_sensitivity/run057_r100_it5000_t10.0_tf0.001_s123_summary.json
58,run058_r100_it5000_t10.0_tf0.001_s456,100,5000,10.0,0.001,456,5.300000000000001,100000000000100,8.881784197001252e-16,11,0.11,PASS,results/tables/small_external_package_sa_sensitivity/run058_r100_it5000_t10.0_tf0.001_s456_runs.csv,results/tables/small_external_package_sa_sensitivity/run058_r100_it5000_t10.0_tf0.001_s456_summary.json
59,run059_r100_it5000_t10.0_tf0.001_s789,100,5000,10.0,0.001,789,5.300000000000001,100000000000100,8.881784197001252e-16,9,0.09,PASS,results/tables/small_external_package_sa_sensitivity/run059_r100_it5000_t10.0_tf0.001_s789_runs.csv,results/tables/small_external_package_sa_sensitivity/run059_r100_it5000_t10.0_tf0.001_s789_summary.json
60,run060_r100_it5000_t10.0_tf0.01_s123,100,5000,10.0,0.01,123,5.300000000000001,100000000000100,8.881784197001252e-16,17,0.17,PASS,results/tables/small_external_package_sa_sensitivity/run060_r100_it5000_t10.0_tf0.01_s123_runs.csv,results/tables/small_external_package_sa_sensitivity/run060_r100_it5000_t10.0_tf0.01_s123_summary.json
61,run061_r100_it5000_t10.0_tf0.01_s456,100,5000,10.0,0.01,456,5.300000000000001,100000000000100,8.881784197001252e-16,19,0.19,PASS,results/tables/small_external_package_sa_sensitivity/run061_r100_it5000_t10.0_tf0.01_s456_runs.csv,results/tables/small_external_package_sa_sensitivity/run061_r100_it5000_t10.0_tf0.01_s456_summary.json
62,run062_r100_it5000_t10.0_tf0.01_s789,100,5000,10.0,0.01,789,5.300000000000001,100000000000100,8.881784197001252e-16,18,0.18,PASS,results/tables/small_external_package_sa_sensitivity/run062_r100_it5000_t10.0_tf0.01_s789_runs.csv,results/tables/small_external_package_sa_sensitivity/run062_r100_it5000_t10.0_tf0.01_s789_summary.json
63,run063_r100_it5000_t20.0_tf0.0001_s123,100,5000,20.0,0.0001,123,5.300000000000001,100000000000100,8.881784197001252e-16,31,0.31,PASS,results/tables/small_external_package_sa_sensitivity/run063_r100_it5000_t20.0_tf0.0001_s123_runs.csv,results/tables/small_external_package_sa_sensitivity/run063_r100_it5000_t20.0_tf0.0001_s123_summary.json
64,run064_r100_it5000_t20.0_tf0.0001_s456,100,5000,20.0,0.0001,456,5.300000000000001,100000000000100,8.881784197001252e-16,26,0.26,PASS,results/tables/small_external_package_sa_sensitivity/run064_r100_it5000_t20.0_tf0.0001_s456_runs.csv,results/tables/small_external_package_sa_sensitivity/run064_r100_it5000_t20.0_tf0.0001_s456_summary.json
65,run065_r100_it5000_t20.0_tf0.0001_s789,100,5000,20.0,0.0001,789,5.300000000000001,100000000000100,8.881784197001252e-16,31,0.31,PASS,results/tables/small_external_package_sa_sensitivity/run065_r100_it5000_t20.0_tf0.0001_s789_runs.csv,results/tables/small_external_package_sa_sensitivity/run065_r100_it5000_t20.0_tf0.0001_s789_summary.json
66,run066_r100_it5000_t20.0_tf0.001_s123,100,5000,20.0,0.001,123,5.300000000000001,100000000000100,8.881784197001252e-16,40,0.4,PASS,results/tables/small_external_package_sa_sensitivity/run066_r100_it5000_t20.0_tf0.001_s123_runs.csv,results/tables/small_external_package_sa_sensitivity/run066_r100_it5000_t20.0_tf0.001_s123_summary.json
67,run067_r100_it5000_t20.0_tf0.001_s456,100,5000,20.0,0.001,456,5.300000000000001,100000000000100,8.881784197001252e-16,35,0.35,PASS,results/tables/small_external_package_sa_sensitivity/run067_r100_it5000_t20.0_tf0.001_s456_runs.csv,results/tables/small_external_package_sa_sensitivity/run067_r100_it5000_t20.0_tf0.001_s456_summary.json
68,run068_r100_it5000_t20.0_tf0.001_s789,100,5000,20.0,0.001,789,5.300000000000001,100000000000100,8.881784197001252e-16,27,0.27,PASS,results/tables/small_external_package_sa_sensitivity/run068_r100_it5000_t20.0_tf0.001_s789_runs.csv,results/tables/small_external_package_sa_sensitivity/run068_r100_it5000_t20.0_tf0.001_s789_summary.json
69,run069_r100_it5000_t20.0_tf0.01_s123,100,5000,20.0,0.01,123,5.300000000000001,100000000000100,8.881784197001252e-16,35,0.35,PASS,results/tables/small_external_package_sa_sensitivity/run069_r100_it5000_t20.0_tf0.01_s123_runs.csv,results/tables/small_external_package_sa_sensitivity/run069_r100_it5000_t20.0_tf0.01_s123_summary.json
70,run070_r100_it5000_t20.0_tf0.01_s456,100,5000,20.0,0.01,456,5.300000000000001,100000000000100,8.881784197001252e-16,49,0.49,PASS,results/tables/small_external_package_sa_sensitivity/run070_r100_it5000_t20.0_tf0.01_s456_runs.csv,results/tables/small_external_package_sa_sensitivity/run070_r100_it5000_t20.0_tf0.01_s456_summary.json
71,run071_r100_it5000_t20.0_tf0.01_s789,100,5000,20.0,0.01,789,5.300000000000001,100000000000100,8.881784197001252e-16,40,0.4,PASS,results/tables/small_external_package_sa_sensitivity/run071_r100_it5000_t20.0_tf0.01_s789_runs.csv,results/tables/small_external_package_sa_sensitivity/run071_r100_it5000_t20.0_tf0.01_s789_summary.json
72,run072_r100_it10000_t2.0_tf0.0001_s123,100,10000,2.0,0.0001,123,5.300000000000001,100000000000100,8.881784197001252e-16,14,0.14,PASS,results/tables/small_external_package_sa_sensitivity/run072_r100_it10000_t2.0_tf0.0001_s123_runs.csv,results/tables/small_external_package_sa_sensitivity/run072_r100_it10000_t2.0_tf0.0001_s123_summary.json
73,run073_r100_it10000_t2.0_tf0.0001_s456,100,10000,2.0,0.0001,456,5.300000000000001,100000000000100,8.881784197001252e-16,5,0.05,PASS,results/tables/small_external_package_sa_sensitivity/run073_r100_it10000_t2.0_tf0.0001_s456_runs.csv,results/tables/small_external_package_sa_sensitivity/run073_r100_it10000_t2.0_tf0.0001_s456_summary.json
74,run074_r100_it10000_t2.0_tf0.0001_s789,100,10000,2.0,0.0001,789,5.300000000000001,100000000000100,8.881784197001252e-16,4,0.04,PASS,results/tables/small_external_package_sa_sensitivity/run074_r100_it10000_t2.0_tf0.0001_s789_runs.csv,results/tables/small_external_package_sa_sensitivity/run074_r100_it10000_t2.0_tf0.0001_s789_summary.json
75,run075_r100_it10000_t2.0_tf0.001_s123,100,10000,2.0,0.001,123,5.300000000000001,100000000000100,8.881784197001252e-16,11,0.11,PASS,results/tables/small_external_package_sa_sensitivity/run075_r100_it10000_t2.0_tf0.001_s123_runs.csv,results/tables/small_external_package_sa_sensitivity/run075_r100_it10000_t2.0_tf0.001_s123_summary.json
76,run076_r100_it10000_t2.0_tf0.001_s456,100,10000,2.0,0.001,456,5.300000000000001,100000000000100,8.881784197001252e-16,5,0.05,PASS,results/tables/small_external_package_sa_sensitivity/run076_r100_it10000_t2.0_tf0.001_s456_runs.csv,results/tables/small_external_package_sa_sensitivity/run076_r100_it10000_t2.0_tf0.001_s456_summary.json
77,run077_r100_it10000_t2.0_tf0.001_s789,100,10000,2.0,0.001,789,5.300000000000001,100000000000100,8.881784197001252e-16,4,0.04,PASS,results/tables/small_external_package_sa_sensitivity/run077_r100_it10000_t2.0_tf0.001_s789_runs.csv,results/tables/small_external_package_sa_sensitivity/run077_r100_it10000_t2.0_tf0.001_s789_summary.json
78,run078_r100_it10000_t2.0_tf0.01_s123,100,10000,2.0,0.01,123,5.300000000000001,100000000000100,8.881784197001252e-16,11,0.11,PASS,results/tables/small_external_package_sa_sensitivity/run078_r100_it10000_t2.0_tf0.01_s123_runs.csv,results/tables/small_external_package_sa_sensitivity/run078_r100_it10000_t2.0_tf0.01_s123_summary.json
79,run079_r100_it10000_t2.0_tf0.01_s456,100,10000,2.0,0.01,456,5.300000000000001,100000000000100,8.881784197001252e-16,5,0.05,PASS,results/tables/small_external_package_sa_sensitivity/run079_r100_it10000_t2.0_tf0.01_s456_runs.csv,results/tables/small_external_package_sa_sensitivity/run079_r100_it10000_t2.0_tf0.01_s456_summary.json
80,run080_r100_it10000_t2.0_tf0.01_s789,100,10000,2.0,0.01,789,5.300000000000001,100000000000100,8.881784197001252e-16,4,0.04,PASS,results/tables/small_external_package_sa_sensitivity/run080_r100_it10000_t2.0_tf0.01_s789_runs.csv,results/tables/small_external_package_sa_sensitivity/run080_r100_it10000_t2.0_tf0.01_s789_summary.json
81,run081_r100_it10000_t5.0_tf0.0001_s123,100,10000,5.0,0.0001,123,5.300000000000001,100000000000100,8.881784197001252e-16,8,0.08,PASS,results/tables/small_external_package_sa_sensitivity/run081_r100_it10000_t5.0_tf0.0001_s123_runs.csv,results/tables/small_external_package_sa_sensitivity/run081_r100_it10000_t5.0_tf0.0001_s123_summary.json
82,run082_r100_it10000_t5.0_tf0.0001_s456,100,10000,5.0,0.0001,456,5.300000000000001,100000000000100,8.881784197001252e-16,7,0.07,PASS,results/tables/small_external_package_sa_sensitivity/run082_r100_it10000_t5.0_tf0.0001_s456_runs.csv,results/tables/small_external_package_sa_sensitivity/run082_r100_it10000_t5.0_tf0.0001_s456_summary.json
83,run083_r100_it10000_t5.0_tf0.0001_s789,100,10000,5.0,0.0001,789,5.300000000000001,100000000000100,8.881784197001252e-16,4,0.04,PASS,results/tables/small_external_package_sa_sensitivity/run083_r100_it10000_t5.0_tf0.0001_s789_runs.csv,results/tables/small_external_package_sa_sensitivity/run083_r100_it10000_t5.0_tf0.0001_s789_summary.json
84,run084_r100_it10000_t5.0_tf0.001_s123,100,10000,5.0,0.001,123,5.300000000000001,100000000000100,8.881784197001252e-16,15,0.15,PASS,results/tables/small_external_package_sa_sensitivity/run084_r100_it10000_t5.0_tf0.001_s123_runs.csv,results/tables/small_external_package_sa_sensitivity/run084_r100_it10000_t5.0_tf0.001_s123_summary.json
85,run085_r100_it10000_t5.0_tf0.001_s456,100,10000,5.0,0.001,456,5.300000000000001,100000000000100,8.881784197001252e-16,7,0.07,PASS,results/tables/small_external_package_sa_sensitivity/run085_r100_it10000_t5.0_tf0.001_s456_runs.csv,results/tables/small_external_package_sa_sensitivity/run085_r100_it10000_t5.0_tf0.001_s456_summary.json
86,run086_r100_it10000_t5.0_tf0.001_s789,100,10000,5.0,0.001,789,5.300000000000001,100000000000100,8.881784197001252e-16,6,0.06,PASS,results/tables/small_external_package_sa_sensitivity/run086_r100_it10000_t5.0_tf0.001_s789_runs.csv,results/tables/small_external_package_sa_sensitivity/run086_r100_it10000_t5.0_tf0.001_s789_summary.json
87,run087_r100_it10000_t5.0_tf0.01_s123,100,10000,5.0,0.01,123,5.300000000000001,100000000000100,8.881784197001252e-16,9,0.09,PASS,results/tables/small_external_package_sa_sensitivity/run087_r100_it10000_t5.0_tf0.01_s123_runs.csv,results/tables/small_external_package_sa_sensitivity/run087_r100_it10000_t5.0_tf0.01_s123_summary.json
88,run088_r100_it10000_t5.0_tf0.01_s456,100,10000,5.0,0.01,456,5.300000000000001,100000000000100,8.881784197001252e-16,7,0.07,PASS,results/tables/small_external_package_sa_sensitivity/run088_r100_it10000_t5.0_tf0.01_s456_runs.csv,results/tables/small_external_package_sa_sensitivity/run088_r100_it10000_t5.0_tf0.01_s456_summary.json
89,run089_r100_it10000_t5.0_tf0.01_s789,100,10000,5.0,0.01,789,5.300000000000001,100000000000100,8.881784197001252e-16,7,0.07,PASS,results/tables/small_external_package_sa_sensitivity/run089_r100_it10000_t5.0_tf0.01_s789_runs.csv,results/tables/small_external_package_sa_sensitivity/run089_r100_it10000_t5.0_tf0.01_s789_summary.json
90,run090_r100_it10000_t10.0_tf0.0001_s123,100,10000,10.0,0.0001,123,5.300000000000001,100000000000100,8.881784197001252e-16,13,0.13,PASS,results/tables/small_external_package_sa_sensitivity/run090_r100_it10000_t10.0_tf0.0001_s123_runs.csv,results/tables/small_external_package_sa_sensitivity/run090_r100_it10000_t10.0_tf0.0001_s123_summary.json
91,run091_r100_it10000_t10.0_tf0.0001_s456,100,10000,10.0,0.0001,456,5.300000000000001,100000000000100,8.881784197001252e-16,16,0.16,PASS,results/tables/small_external_package_sa_sensitivity/run091_r100_it10000_t10.0_tf0.0001_s456_runs.csv,results/tables/small_external_package_sa_sensitivity/run091_r100_it10000_t10.0_tf0.0001_s456_summary.json
92,run092_r100_it10000_t10.0_tf0.0001_s789,100,10000,10.0,0.0001,789,5.300000000000001,100000000000100,8.881784197001252e-16,13,0.13,PASS,results/tables/small_external_package_sa_sensitivity/run092_r100_it10000_t10.0_tf0.0001_s789_runs.csv,results/tables/small_external_package_sa_sensitivity/run092_r100_it10000_t10.0_tf0.0001_s789_summary.json
93,run093_r100_it10000_t10.0_tf0.001_s123,100,10000,10.0,0.001,123,5.300000000000001,100000000000100,8.881784197001252e-16,20,0.2,PASS,results/tables/small_external_package_sa_sensitivity/run093_r100_it10000_t10.0_tf0.001_s123_runs.csv,results/tables/small_external_package_sa_sensitivity/run093_r100_it10000_t10.0_tf0.001_s123_summary.json
94,run094_r100_it10000_t10.0_tf0.001_s456,100,10000,10.0,0.001,456,5.300000000000001,100000000000100,8.881784197001252e-16,19,0.19,PASS,results/tables/small_external_package_sa_sensitivity/run094_r100_it10000_t10.0_tf0.001_s456_runs.csv,results/tables/small_external_package_sa_sensitivity/run094_r100_it10000_t10.0_tf0.001_s456_summary.json
95,run095_r100_it10000_t10.0_tf0.001_s789,100,10000,10.0,0.001,789,5.300000000000001,100000000000100,8.881784197001252e-16,20,0.2,PASS,results/tables/small_external_package_sa_sensitivity/run095_r100_it10000_t10.0_tf0.001_s789_runs.csv,results/tables/small_external_package_sa_sensitivity/run095_r100_it10000_t10.0_tf0.001_s789_summary.json
96,run096_r100_it10000_t10.0_tf0.01_s123,100,10000,10.0,0.01,123,5.300000000000001,100000000000100,8.881784197001252e-16,27,0.27,PASS,results/tables/small_external_package_sa_sensitivity/run096_r100_it10000_t10.0_tf0.01_s123_runs.csv,results/tables/small_external_package_sa_sensitivity/run096_r100_it10000_t10.0_tf0.01_s123_summary.json
97,run097_r100_it10000_t10.0_tf0.01_s456,100,10000,10.0,0.01,456,5.300000000000001,100000000000100,8.881784197001252e-16,22,0.22,PASS,results/tables/small_external_package_sa_sensitivity/run097_r100_it10000_t10.0_tf0.01_s456_runs.csv,results/tables/small_external_package_sa_sensitivity/run097_r100_it10000_t10.0_tf0.01_s456_summary.json
98,run098_r100_it10000_t10.0_tf0.01_s789,100,10000,10.0,0.01,789,5.300000000000001,100000000000100,8.881784197001252e-16,20,0.2,PASS,results/tables/small_external_package_sa_sensitivity/run098_r100_it10000_t10.0_tf0.01_s789_runs.csv,results/tables/small_external_package_sa_sensitivity/run098_r100_it10000_t10.0_tf0.01_s789_summary.json
99,run099_r100_it10000_t20.0_tf0.0001_s123,100,10000,20.0,0.0001,123,5.300000000000001,100000000000100,8.881784197001252e-16,53,0.53,PASS,results/tables/small_external_package_sa_sensitivity/run099_r100_it10000_t20.0_tf0.0001_s123_runs.csv,results/tables/small_external_package_sa_sensitivity/run099_r100_it10000_t20.0_tf0.0001_s123_summary.json
100,run100_r100_it10000_t20.0_tf0.0001_s456,100,10000,20.0,0.0001,456,5.300000000000001,100000000000100,8.881784197001252e-16,58,0.58,PASS,results/tables/small_external_package_sa_sensitivity/run100_r100_it10000_t20.0_tf0.0001_s456_runs.csv,results/tables/small_external_package_sa_sensitivity/run100_r100_it10000_t20.0_tf0.0001_s456_summary.json
101,run101_r100_it10000_t20.0_tf0.0001_s789,100,10000,20.0,0.0001,789,5.300000000000001,100000000000100,8.881784197001252e-16,51,0.51,PASS,results/tables/small_external_package_sa_sensitivity/run101_r100_it10000_t20.0_tf0.0001_s789_runs.csv,results/tables/small_external_package_sa_sensitivity/run101_r100_it10000_t20.0_tf0.0001_s789_summary.json
102,run102_r100_it10000_t20.0_tf0.001_s123,100,10000,20.0,0.001,123,5.300000000000001,100000000000100,8.881784197001252e-16,57,0.57,PASS,results/tables/small_external_package_sa_sensitivity/run102_r100_it10000_t20.0_tf0.001_s123_runs.csv,results/tables/small_external_package_sa_sensitivity/run102_r100_it10000_t20.0_tf0.001_s123_summary.json
103,run103_r100_it10000_t20.0_tf0.001_s456,100,10000,20.0,0.001,456,5.300000000000001,100000000000100,8.881784197001252e-16,61,0.61,PASS,results/tables/small_external_package_sa_sensitivity/run103_r100_it10000_t20.0_tf0.001_s456_runs.csv,results/tables/small_external_package_sa_sensitivity/run103_r100_it10000_t20.0_tf0.001_s456_summary.json
104,run104_r100_it10000_t20.0_tf0.001_s789,100,10000,20.0,0.001,789,5.300000000000001,100000000000100,8.881784197001252e-16,48,0.48,PASS,results/tables/small_external_package_sa_sensitivity/run104_r100_it10000_t20.0_tf0.001_s789_runs.csv,results/tables/small_external_package_sa_sensitivity/run104_r100_it10000_t20.0_tf0.001_s789_summary.json
105,run105_r100_it10000_t20.0_tf0.01_s123,100,10000,20.0,0.01,123,5.300000000000001,100000000000100,8.881784197001252e-16,65,0.65,PASS,results/tables/small_external_package_sa_sensitivity/run105_r100_it10000_t20.0_tf0.01_s123_runs.csv,results/tables/small_external_package_sa_sensitivity/run105_r100_it10000_t20.0_tf0.01_s123_summary.json
106,run106_r100_it10000_t20.0_tf0.01_s456,100,10000,20.0,0.01,456,5.300000000000001,100000000000100,8.881784197001252e-16,69,0.69,PASS,results/tables/small_external_package_sa_sensitivity/run106_r100_it10000_t20.0_tf0.01_s456_runs.csv,results/tables/small_external_package_sa_sensitivity/run106_r100_it10000_t20.0_tf0.01_s456_summary.json
107,run107_r100_it10000_t20.0_tf0.01_s789,100,10000,20.0,0.01,789,5.300000000000001,100000000000100,8.881784197001252e-16,66,0.66,PASS,results/tables/small_external_package_sa_sensitivity/run107_r100_it10000_t20.0_tf0.01_s789_runs.csv,results/tables/small_external_package_sa_sensitivity/run107_r100_it10000_t20.0_tf0.01_s789_summary.json
108,run108_r200_it2000_t2.0_tf0.0001_s123,200,2000,2.0,0.0001,123,5.300000000000001,100000000000100,8.881784197001252e-16,27,0.135,PASS,results/tables/small_external_package_sa_sensitivity/run108_r200_it2000_t2.0_tf0.0001_s123_runs.csv,results/tables/small_external_package_sa_sensitivity/run108_r200_it2000_t2.0_tf0.0001_s123_summary.json
109,run109_r200_it2000_t2.0_tf0.0001_s456,200,2000,2.0,0.0001,456,5.300000000000001,100000000000100,8.881784197001252e-16,21,0.105,PASS,results/tables/small_external_package_sa_sensitivity/run109_r200_it2000_t2.0_tf0.0001_s456_runs.csv,results/tables/small_external_package_sa_sensitivity/run109_r200_it2000_t2.0_tf0.0001_s456_summary.json
110,run110_r200_it2000_t2.0_tf0.0001_s789,200,2000,2.0,0.0001,789,5.300000000000001,100000000000100,8.881784197001252e-16,12,0.06,PASS,results/tables/small_external_package_sa_sensitivity/run110_r200_it2000_t2.0_tf0.0001_s789_runs.csv,results/tables/small_external_package_sa_sensitivity/run110_r200_it2000_t2.0_tf0.0001_s789_summary.json
111,run111_r200_it2000_t2.0_tf0.001_s123,200,2000,2.0,0.001,123,5.300000000000001,100000000000100,8.881784197001252e-16,18,0.09,PASS,results/tables/small_external_package_sa_sensitivity/run111_r200_it2000_t2.0_tf0.001_s123_runs.csv,results/tables/small_external_package_sa_sensitivity/run111_r200_it2000_t2.0_tf0.001_s123_summary.json
112,run112_r200_it2000_t2.0_tf0.001_s456,200,2000,2.0,0.001,456,5.300000000000001,100000000000100,8.881784197001252e-16,23,0.115,PASS,results/tables/small_external_package_sa_sensitivity/run112_r200_it2000_t2.0_tf0.001_s456_runs.csv,results/tables/small_external_package_sa_sensitivity/run112_r200_it2000_t2.0_tf0.001_s456_summary.json
113,run113_r200_it2000_t2.0_tf0.001_s789,200,2000,2.0,0.001,789,5.300000000000001,100000000000100,8.881784197001252e-16,15,0.075,PASS,results/tables/small_external_package_sa_sensitivity/run113_r200_it2000_t2.0_tf0.001_s789_runs.csv,results/tables/small_external_package_sa_sensitivity/run113_r200_it2000_t2.0_tf0.001_s789_summary.json
114,run114_r200_it2000_t2.0_tf0.01_s123,200,2000,2.0,0.01,123,5.300000000000001,100000000000100,8.881784197001252e-16,15,0.075,PASS,results/tables/small_external_package_sa_sensitivity/run114_r200_it2000_t2.0_tf0.01_s123_runs.csv,results/tables/small_external_package_sa_sensitivity/run114_r200_it2000_t2.0_tf0.01_s123_summary.json
115,run115_r200_it2000_t2.0_tf0.01_s456,200,2000,2.0,0.01,456,5.300000000000001,100000000000100,8.881784197001252e-16,23,0.115,PASS,results/tables/small_external_package_sa_sensitivity/run115_r200_it2000_t2.0_tf0.01_s456_runs.csv,results/tables/small_external_package_sa_sensitivity/run115_r200_it2000_t2.0_tf0.01_s456_summary.json
116,run116_r200_it2000_t2.0_tf0.01_s789,200,2000,2.0,0.01,789,5.300000000000001,100000000000100,8.881784197001252e-16,17,0.085,PASS,results/tables/small_external_package_sa_sensitivity/run116_r200_it2000_t2.0_tf0.01_s789_runs.csv,results/tables/small_external_package_sa_sensitivity/run116_r200_it2000_t2.0_tf0.01_s789_summary.json
117,run117_r200_it2000_t5.0_tf0.0001_s123,200,2000,5.0,0.0001,123,5.300000000000001,100000000000100,8.881784197001252e-16,9,0.045,PASS,results/tables/small_external_package_sa_sensitivity/run117_r200_it2000_t5.0_tf0.0001_s123_runs.csv,results/tables/small_external_package_sa_sensitivity/run117_r200_it2000_t5.0_tf0.0001_s123_summary.json
118,run118_r200_it2000_t5.0_tf0.0001_s456,200,2000,5.0,0.0001,456,5.300000000000001,100000000000100,8.881784197001252e-16,13,0.065,PASS,results/tables/small_external_package_sa_sensitivity/run118_r200_it2000_t5.0_tf0.0001_s456_runs.csv,results/tables/small_external_package_sa_sensitivity/run118_r200_it2000_t5.0_tf0.0001_s456_summary.json
119,run119_r200_it2000_t5.0_tf0.0001_s789,200,2000,5.0,0.0001,789,5.300000000000001,100000000000100,8.881784197001252e-16,21,0.105,PASS,results/tables/small_external_package_sa_sensitivity/run119_r200_it2000_t5.0_tf0.0001_s789_runs.csv,results/tables/small_external_package_sa_sensitivity/run119_r200_it2000_t5.0_tf0.0001_s789_summary.json
120,run120_r200_it2000_t5.0_tf0.001_s123,200,2000,5.0,0.001,123,5.300000000000001,100000000000100,8.881784197001252e-16,10,0.05,PASS,results/tables/small_external_package_sa_sensitivity/run120_r200_it2000_t5.0_tf0.001_s123_runs.csv,results/tables/small_external_package_sa_sensitivity/run120_r200_it2000_t5.0_tf0.001_s123_summary.json
121,run121_r200_it2000_t5.0_tf0.001_s456,200,2000,5.0,0.001,456,5.300000000000001,100000000000100,8.881784197001252e-16,15,0.075,PASS,results/tables/small_external_package_sa_sensitivity/run121_r200_it2000_t5.0_tf0.001_s456_runs.csv,results/tables/small_external_package_sa_sensitivity/run121_r200_it2000_t5.0_tf0.001_s456_summary.json
122,run122_r200_it2000_t5.0_tf0.001_s789,200,2000,5.0,0.001,789,5.300000000000001,100000000000100,8.881784197001252e-16,19,0.095,PASS,results/tables/small_external_package_sa_sensitivity/run122_r200_it2000_t5.0_tf0.001_s789_runs.csv,results/tables/small_external_package_sa_sensitivity/run122_r200_it2000_t5.0_tf0.001_s789_summary.json
123,run123_r200_it2000_t5.0_tf0.01_s123,200,2000,5.0,0.01,123,5.300000000000001,100000000000100,8.881784197001252e-16,21,0.105,PASS,results/tables/small_external_package_sa_sensitivity/run123_r200_it2000_t5.0_tf0.01_s123_runs.csv,results/tables/small_external_package_sa_sensitivity/run123_r200_it2000_t5.0_tf0.01_s123_summary.json
124,run124_r200_it2000_t5.0_tf0.01_s456,200,2000,5.0,0.01,456,5.300000000000001,100000000000100,8.881784197001252e-16,14,0.07,PASS,results/tables/small_external_package_sa_sensitivity/run124_r200_it2000_t5.0_tf0.01_s456_runs.csv,results/tables/small_external_package_sa_sensitivity/run124_r200_it2000_t5.0_tf0.01_s456_summary.json
125,run125_r200_it2000_t5.0_tf0.01_s789,200,2000,5.0,0.01,789,5.300000000000001,100000000000100,8.881784197001252e-16,15,0.075,PASS,results/tables/small_external_package_sa_sensitivity/run125_r200_it2000_t5.0_tf0.01_s789_runs.csv,results/tables/small_external_package_sa_sensitivity/run125_r200_it2000_t5.0_tf0.01_s789_summary.json
126,run126_r200_it2000_t10.0_tf0.0001_s123,200,2000,10.0,0.0001,123,5.300000000000001,100000000000100,8.881784197001252e-16,15,0.075,PASS,results/tables/small_external_package_sa_sensitivity/run126_r200_it2000_t10.0_tf0.0001_s123_runs.csv,results/tables/small_external_package_sa_sensitivity/run126_r200_it2000_t10.0_tf0.0001_s123_summary.json
127,run127_r200_it2000_t10.0_tf0.0001_s456,200,2000,10.0,0.0001,456,5.300000000000001,100000000000100,8.881784197001252e-16,19,0.095,PASS,results/tables/small_external_package_sa_sensitivity/run127_r200_it2000_t10.0_tf0.0001_s456_runs.csv,results/tables/small_external_package_sa_sensitivity/run127_r200_it2000_t10.0_tf0.0001_s456_summary.json
128,run128_r200_it2000_t10.0_tf0.0001_s789,200,2000,10.0,0.0001,789,5.300000000000001,100000000000100,8.881784197001252e-16,14,0.07,PASS,results/tables/small_external_package_sa_sensitivity/run128_r200_it2000_t10.0_tf0.0001_s789_runs.csv,results/tables/small_external_package_sa_sensitivity/run128_r200_it2000_t10.0_tf0.0001_s789_summary.json
129,run129_r200_it2000_t10.0_tf0.001_s123,200,2000,10.0,0.001,123,5.300000000000001,100000000000100,8.881784197001252e-16,24,0.12,PASS,results/tables/small_external_package_sa_sensitivity/run129_r200_it2000_t10.0_tf0.001_s123_runs.csv,results/tables/small_external_package_sa_sensitivity/run129_r200_it2000_t10.0_tf0.001_s123_summary.json
130,run130_r200_it2000_t10.0_tf0.001_s456,200,2000,10.0,0.001,456,5.300000000000001,100000000000100,8.881784197001252e-16,15,0.075,PASS,results/tables/small_external_package_sa_sensitivity/run130_r200_it2000_t10.0_tf0.001_s456_runs.csv,results/tables/small_external_package_sa_sensitivity/run130_r200_it2000_t10.0_tf0.001_s456_summary.json
131,run131_r200_it2000_t10.0_tf0.001_s789,200,2000,10.0,0.001,789,5.300000000000001,100000000000100,8.881784197001252e-16,21,0.105,PASS,results/tables/small_external_package_sa_sensitivity/run131_r200_it2000_t10.0_tf0.001_s789_runs.csv,results/tables/small_external_package_sa_sensitivity/run131_r200_it2000_t10.0_tf0.001_s789_summary.json
132,run132_r200_it2000_t10.0_tf0.01_s123,200,2000,10.0,0.01,123,5.300000000000001,100000000000100,8.881784197001252e-16,20,0.1,PASS,results/tables/small_external_package_sa_sensitivity/run132_r200_it2000_t10.0_tf0.01_s123_runs.csv,results/tables/small_external_package_sa_sensitivity/run132_r200_it2000_t10.0_tf0.01_s123_summary.json
133,run133_r200_it2000_t10.0_tf0.01_s456,200,2000,10.0,0.01,456,5.300000000000001,100000000000100,8.881784197001252e-16,21,0.105,PASS,results/tables/small_external_package_sa_sensitivity/run133_r200_it2000_t10.0_tf0.01_s456_runs.csv,results/tables/small_external_package_sa_sensitivity/run133_r200_it2000_t10.0_tf0.01_s456_summary.json
134,run134_r200_it2000_t10.0_tf0.01_s789,200,2000,10.0,0.01,789,5.300000000000001,100000000000100,8.881784197001252e-16,19,0.095,PASS,results/tables/small_external_package_sa_sensitivity/run134_r200_it2000_t10.0_tf0.01_s789_runs.csv,results/tables/small_external_package_sa_sensitivity/run134_r200_it2000_t10.0_tf0.01_s789_summary.json
135,run135_r200_it2000_t20.0_tf0.0001_s123,200,2000,20.0,0.0001,123,5.300000000000001,100000000000100,8.881784197001252e-16,30,0.15,PASS,results/tables/small_external_package_sa_sensitivity/run135_r200_it2000_t20.0_tf0.0001_s123_runs.csv,results/tables/small_external_package_sa_sensitivity/run135_r200_it2000_t20.0_tf0.0001_s123_summary.json
136,run136_r200_it2000_t20.0_tf0.0001_s456,200,2000,20.0,0.0001,456,5.300000000000001,100000000000100,8.881784197001252e-16,34,0.17,PASS,results/tables/small_external_package_sa_sensitivity/run136_r200_it2000_t20.0_tf0.0001_s456_runs.csv,results/tables/small_external_package_sa_sensitivity/run136_r200_it2000_t20.0_tf0.0001_s456_summary.json
137,run137_r200_it2000_t20.0_tf0.0001_s789,200,2000,20.0,0.0001,789,5.300000000000001,100000000000100,8.881784197001252e-16,33,0.165,PASS,results/tables/small_external_package_sa_sensitivity/run137_r200_it2000_t20.0_tf0.0001_s789_runs.csv,results/tables/small_external_package_sa_sensitivity/run137_r200_it2000_t20.0_tf0.0001_s789_summary.json
138,run138_r200_it2000_t20.0_tf0.001_s123,200,2000,20.0,0.001,123,5.300000000000001,100000000000100,8.881784197001252e-16,40,0.2,PASS,results/tables/small_external_package_sa_sensitivity/run138_r200_it2000_t20.0_tf0.001_s123_runs.csv,results/tables/small_external_package_sa_sensitivity/run138_r200_it2000_t20.0_tf0.001_s123_summary.json
139,run139_r200_it2000_t20.0_tf0.001_s456,200,2000,20.0,0.001,456,5.300000000000001,100000000000100,8.881784197001252e-16,49,0.245,PASS,results/tables/small_external_package_sa_sensitivity/run139_r200_it2000_t20.0_tf0.001_s456_runs.csv,results/tables/small_external_package_sa_sensitivity/run139_r200_it2000_t20.0_tf0.001_s456_summary.json
140,run140_r200_it2000_t20.0_tf0.001_s789,200,2000,20.0,0.001,789,5.300000000000001,100000000000100,8.881784197001252e-16,45,0.225,PASS,results/tables/small_external_package_sa_sensitivity/run140_r200_it2000_t20.0_tf0.001_s789_runs.csv,results/tables/small_external_package_sa_sensitivity/run140_r200_it2000_t20.0_tf0.001_s789_summary.json
141,run141_r200_it2000_t20.0_tf0.01_s123,200,2000,20.0,0.01,123,5.300000000000001,100000000000100,8.881784197001252e-16,59,0.295,PASS,results/tables/small_external_package_sa_sensitivity/run141_r200_it2000_t20.0_tf0.01_s123_runs.csv,results/tables/small_external_package_sa_sensitivity/run141_r200_it2000_t20.0_tf0.01_s123_summary.json
142,run142_r200_it2000_t20.0_tf0.01_s456,200,2000,20.0,0.01,456,5.300000000000001,100000000000100,8.881784197001252e-16,48,0.24,PASS,results/tables/small_external_package_sa_sensitivity/run142_r200_it2000_t20.0_tf0.01_s456_runs.csv,results/tables/small_external_package_sa_sensitivity/run142_r200_it2000_t20.0_tf0.01_s456_summary.json
143,run143_r200_it2000_t20.0_tf0.01_s789,200,2000,20.0,0.01,789,5.300000000000001,100000000000100,8.881784197001252e-16,47,0.235,PASS,results/tables/small_external_package_sa_sensitivity/run143_r200_it2000_t20.0_tf0.01_s789_runs.csv,results/tables/small_external_package_sa_sensitivity/run143_r200_it2000_t20.0_tf0.01_s789_summary.json
144,run144_r200_it5000_t2.0_tf0.0001_s123,200,5000,2.0,0.0001,123,5.300000000000001,100000000000100,8.881784197001252e-16,19,0.095,PASS,results/tables/small_external_package_sa_sensitivity/run144_r200_it5000_t2.0_tf0.0001_s123_runs.csv,results/tables/small_external_package_sa_sensitivity/run144_r200_it5000_t2.0_tf0.0001_s123_summary.json
145,run145_r200_it5000_t2.0_tf0.0001_s456,200,5000,2.0,0.0001,456,5.300000000000001,100000000000100,8.881784197001252e-16,22,0.11,PASS,results/tables/small_external_package_sa_sensitivity/run145_r200_it5000_t2.0_tf0.0001_s456_runs.csv,results/tables/small_external_package_sa_sensitivity/run145_r200_it5000_t2.0_tf0.0001_s456_summary.json
146,run146_r200_it5000_t2.0_tf0.0001_s789,200,5000,2.0,0.0001,789,5.300000000000001,100000000000100,8.881784197001252e-16,19,0.095,PASS,results/tables/small_external_package_sa_sensitivity/run146_r200_it5000_t2.0_tf0.0001_s789_runs.csv,results/tables/small_external_package_sa_sensitivity/run146_r200_it5000_t2.0_tf0.0001_s789_summary.json
147,run147_r200_it5000_t2.0_tf0.001_s123,200,5000,2.0,0.001,123,5.300000000000001,100000000000100,8.881784197001252e-16,17,0.085,PASS,results/tables/small_external_package_sa_sensitivity/run147_r200_it5000_t2.0_tf0.001_s123_runs.csv,results/tables/small_external_package_sa_sensitivity/run147_r200_it5000_t2.0_tf0.001_s123_summary.json
148,run148_r200_it5000_t2.0_tf0.001_s456,200,5000,2.0,0.001,456,5.300000000000001,100000000000100,8.881784197001252e-16,19,0.095,PASS,results/tables/small_external_package_sa_sensitivity/run148_r200_it5000_t2.0_tf0.001_s456_runs.csv,results/tables/small_external_package_sa_sensitivity/run148_r200_it5000_t2.0_tf0.001_s456_summary.json
149,run149_r200_it5000_t2.0_tf0.001_s789,200,5000,2.0,0.001,789,5.300000000000001,100000000000100,8.881784197001252e-16,22,0.11,PASS,results/tables/small_external_package_sa_sensitivity/run149_r200_it5000_t2.0_tf0.001_s789_runs.csv,results/tables/small_external_package_sa_sensitivity/run149_r200_it5000_t2.0_tf0.001_s789_summary.json
150,run150_r200_it5000_t2.0_tf0.01_s123,200,5000,2.0,0.01,123,5.300000000000001,100000000000100,8.881784197001252e-16,14,0.07,PASS,results/tables/small_external_package_sa_sensitivity/run150_r200_it5000_t2.0_tf0.01_s123_runs.csv,results/tables/small_external_package_sa_sensitivity/run150_r200_it5000_t2.0_tf0.01_s123_summary.json
151,run151_r200_it5000_t2.0_tf0.01_s456,200,5000,2.0,0.01,456,5.300000000000001,100000000000100,8.881784197001252e-16,21,0.105,PASS,results/tables/small_external_package_sa_sensitivity/run151_r200_it5000_t2.0_tf0.01_s456_runs.csv,results/tables/small_external_package_sa_sensitivity/run151_r200_it5000_t2.0_tf0.01_s456_summary.json
152,run152_r200_it5000_t2.0_tf0.01_s789,200,5000,2.0,0.01,789,5.300000000000001,100000000000100,8.881784197001252e-16,14,0.07,PASS,results/tables/small_external_package_sa_sensitivity/run152_r200_it5000_t2.0_tf0.01_s789_runs.csv,results/tables/small_external_package_sa_sensitivity/run152_r200_it5000_t2.0_tf0.01_s789_summary.json
153,run153_r200_it5000_t5.0_tf0.0001_s123,200,5000,5.0,0.0001,123,5.300000000000001,100000000000100,8.881784197001252e-16,22,0.11,PASS,results/tables/small_external_package_sa_sensitivity/run153_r200_it5000_t5.0_tf0.0001_s123_runs.csv,results/tables/small_external_package_sa_sensitivity/run153_r200_it5000_t5.0_tf0.0001_s123_summary.json
154,run154_r200_it5000_t5.0_tf0.0001_s456,200,5000,5.0,0.0001,456,5.300000000000001,100000000000100,8.881784197001252e-16,15,0.075,PASS,results/tables/small_external_package_sa_sensitivity/run154_r200_it5000_t5.0_tf0.0001_s456_runs.csv,results/tables/small_external_package_sa_sensitivity/run154_r200_it5000_t5.0_tf0.0001_s456_summary.json
155,run155_r200_it5000_t5.0_tf0.0001_s789,200,5000,5.0,0.0001,789,5.300000000000001,100000000000100,8.881784197001252e-16,13,0.065,PASS,results/tables/small_external_package_sa_sensitivity/run155_r200_it5000_t5.0_tf0.0001_s789_runs.csv,results/tables/small_external_package_sa_sensitivity/run155_r200_it5000_t5.0_tf0.0001_s789_summary.json
156,run156_r200_it5000_t5.0_tf0.001_s123,200,5000,5.0,0.001,123,5.300000000000001,100000000000100,8.881784197001252e-16,17,0.085,PASS,results/tables/small_external_package_sa_sensitivity/run156_r200_it5000_t5.0_tf0.001_s123_runs.csv,results/tables/small_external_package_sa_sensitivity/run156_r200_it5000_t5.0_tf0.001_s123_summary.json
157,run157_r200_it5000_t5.0_tf0.001_s456,200,5000,5.0,0.001,456,5.300000000000001,100000000000100,8.881784197001252e-16,15,0.075,PASS,results/tables/small_external_package_sa_sensitivity/run157_r200_it5000_t5.0_tf0.001_s456_runs.csv,results/tables/small_external_package_sa_sensitivity/run157_r200_it5000_t5.0_tf0.001_s456_summary.json
158,run158_r200_it5000_t5.0_tf0.001_s789,200,5000,5.0,0.001,789,5.300000000000001,100000000000100,8.881784197001252e-16,14,0.07,PASS,results/tables/small_external_package_sa_sensitivity/run158_r200_it5000_t5.0_tf0.001_s789_runs.csv,results/tables/small_external_package_sa_sensitivity/run158_r200_it5000_t5.0_tf0.001_s789_summary.json
159,run159_r200_it5000_t5.0_tf0.01_s123,200,5000,5.0,0.01,123,5.300000000000001,100000000000100,8.881784197001252e-16,16,0.08,PASS,results/tables/small_external_package_sa_sensitivity/run159_r200_it5000_t5.0_tf0.01_s123_runs.csv,results/tables/small_external_package_sa_sensitivity/run159_r200_it5000_t5.0_tf0.01_s123_summary.json
160,run160_r200_it5000_t5.0_tf0.01_s456,200,5000,5.0,0.01,456,5.300000000000001,100000000000100,8.881784197001252e-16,21,0.105,PASS,results/tables/small_external_package_sa_sensitivity/run160_r200_it5000_t5.0_tf0.01_s456_runs.csv,results/tables/small_external_package_sa_sensitivity/run160_r200_it5000_t5.0_tf0.01_s456_summary.json
161,run161_r200_it5000_t5.0_tf0.01_s789,200,5000,5.0,0.01,789,5.300000000000001,100000000000100,8.881784197001252e-16,11,0.055,PASS,results/tables/small_external_package_sa_sensitivity/run161_r200_it5000_t5.0_tf0.01_s789_runs.csv,results/tables/small_external_package_sa_sensitivity/run161_r200_it5000_t5.0_tf0.01_s789_summary.json
162,run162_r200_it5000_t10.0_tf0.0001_s123,200,5000,10.0,0.0001,123,5.300000000000001,100000000000100,8.881784197001252e-16,18,0.09,PASS,results/tables/small_external_package_sa_sensitivity/run162_r200_it5000_t10.0_tf0.0001_s123_runs.csv,results/tables/small_external_package_sa_sensitivity/run162_r200_it5000_t10.0_tf0.0001_s123_summary.json
163,run163_r200_it5000_t10.0_tf0.0001_s456,200,5000,10.0,0.0001,456,5.300000000000001,100000000000100,8.881784197001252e-16,24,0.12,PASS,results/tables/small_external_package_sa_sensitivity/run163_r200_it5000_t10.0_tf0.0001_s456_runs.csv,results/tables/small_external_package_sa_sensitivity/run163_r200_it5000_t10.0_tf0.0001_s456_summary.json
164,run164_r200_it5000_t10.0_tf0.0001_s789,200,5000,10.0,0.0001,789,5.300000000000001,100000000000100,8.881784197001252e-16,20,0.1,PASS,results/tables/small_external_package_sa_sensitivity/run164_r200_it5000_t10.0_tf0.0001_s789_runs.csv,results/tables/small_external_package_sa_sensitivity/run164_r200_it5000_t10.0_tf0.0001_s789_summary.json
165,run165_r200_it5000_t10.0_tf0.001_s123,200,5000,10.0,0.001,123,5.300000000000001,100000000000100,8.881784197001252e-16,31,0.155,PASS,results/tables/small_external_package_sa_sensitivity/run165_r200_it5000_t10.0_tf0.001_s123_runs.csv,results/tables/small_external_package_sa_sensitivity/run165_r200_it5000_t10.0_tf0.001_s123_summary.json
166,run166_r200_it5000_t10.0_tf0.001_s456,200,5000,10.0,0.001,456,5.300000000000001,100000000000100,8.881784197001252e-16,23,0.115,PASS,results/tables/small_external_package_sa_sensitivity/run166_r200_it5000_t10.0_tf0.001_s456_runs.csv,results/tables/small_external_package_sa_sensitivity/run166_r200_it5000_t10.0_tf0.001_s456_summary.json
167,run167_r200_it5000_t10.0_tf0.001_s789,200,5000,10.0,0.001,789,5.300000000000001,100000000000100,8.881784197001252e-16,17,0.085,PASS,results/tables/small_external_package_sa_sensitivity/run167_r200_it5000_t10.0_tf0.001_s789_runs.csv,results/tables/small_external_package_sa_sensitivity/run167_r200_it5000_t10.0_tf0.001_s789_summary.json
168,run168_r200_it5000_t10.0_tf0.01_s123,200,5000,10.0,0.01,123,5.300000000000001,100000000000100,8.881784197001252e-16,31,0.155,PASS,results/tables/small_external_package_sa_sensitivity/run168_r200_it5000_t10.0_tf0.01_s123_runs.csv,results/tables/small_external_package_sa_sensitivity/run168_r200_it5000_t10.0_tf0.01_s123_summary.json
169,run169_r200_it5000_t10.0_tf0.01_s456,200,5000,10.0,0.01,456,5.300000000000001,100000000000100,8.881784197001252e-16,33,0.165,PASS,results/tables/small_external_package_sa_sensitivity/run169_r200_it5000_t10.0_tf0.01_s456_runs.csv,results/tables/small_external_package_sa_sensitivity/run169_r200_it5000_t10.0_tf0.01_s456_summary.json
170,run170_r200_it5000_t10.0_tf0.01_s789,200,5000,10.0,0.01,789,5.300000000000001,100000000000100,8.881784197001252e-16,35,0.175,PASS,results/tables/small_external_package_sa_sensitivity/run170_r200_it5000_t10.0_tf0.01_s789_runs.csv,results/tables/small_external_package_sa_sensitivity/run170_r200_it5000_t10.0_tf0.01_s789_summary.json
171,run171_r200_it5000_t20.0_tf0.0001_s123,200,5000,20.0,0.0001,123,5.300000000000001,100000000000100,8.881784197001252e-16,68,0.34,PASS,results/tables/small_external_package_sa_sensitivity/run171_r200_it5000_t20.0_tf0.0001_s123_runs.csv,results/tables/small_external_package_sa_sensitivity/run171_r200_it5000_t20.0_tf0.0001_s123_summary.json
172,run172_r200_it5000_t20.0_tf0.0001_s456,200,5000,20.0,0.0001,456,5.300000000000001,100000000000100,8.881784197001252e-16,56,0.28,PASS,results/tables/small_external_package_sa_sensitivity/run172_r200_it5000_t20.0_tf0.0001_s456_runs.csv,results/tables/small_external_package_sa_sensitivity/run172_r200_it5000_t20.0_tf0.0001_s456_summary.json
173,run173_r200_it5000_t20.0_tf0.0001_s789,200,5000,20.0,0.0001,789,5.300000000000001,100000000000100,8.881784197001252e-16,63,0.315,PASS,results/tables/small_external_package_sa_sensitivity/run173_r200_it5000_t20.0_tf0.0001_s789_runs.csv,results/tables/small_external_package_sa_sensitivity/run173_r200_it5000_t20.0_tf0.0001_s789_summary.json
174,run174_r200_it5000_t20.0_tf0.001_s123,200,5000,20.0,0.001,123,5.300000000000001,100000000000100,8.881784197001252e-16,65,0.325,PASS,results/tables/small_external_package_sa_sensitivity/run174_r200_it5000_t20.0_tf0.001_s123_runs.csv,results/tables/small_external_package_sa_sensitivity/run174_r200_it5000_t20.0_tf0.001_s123_summary.json
175,run175_r200_it5000_t20.0_tf0.001_s456,200,5000,20.0,0.001,456,5.300000000000001,100000000000100,8.881784197001252e-16,75,0.375,PASS,results/tables/small_external_package_sa_sensitivity/run175_r200_it5000_t20.0_tf0.001_s456_runs.csv,results/tables/small_external_package_sa_sensitivity/run175_r200_it5000_t20.0_tf0.001_s456_summary.json
176,run176_r200_it5000_t20.0_tf0.001_s789,200,5000,20.0,0.001,789,5.300000000000001,100000000000100,8.881784197001252e-16,67,0.335,PASS,results/tables/small_external_package_sa_sensitivity/run176_r200_it5000_t20.0_tf0.001_s789_runs.csv,results/tables/small_external_package_sa_sensitivity/run176_r200_it5000_t20.0_tf0.001_s789_summary.json
177,run177_r200_it5000_t20.0_tf0.01_s123,200,5000,20.0,0.01,123,5.300000000000001,100000000000100,8.881784197001252e-16,77,0.385,PASS,results/tables/small_external_package_sa_sensitivity/run177_r200_it5000_t20.0_tf0.01_s123_runs.csv,results/tables/small_external_package_sa_sensitivity/run177_r200_it5000_t20.0_tf0.01_s123_summary.json
178,run178_r200_it5000_t20.0_tf0.01_s456,200,5000,20.0,0.01,456,5.300000000000001,100000000000100,8.881784197001252e-16,90,0.45,PASS,results/tables/small_external_package_sa_sensitivity/run178_r200_it5000_t20.0_tf0.01_s456_runs.csv,results/tables/small_external_package_sa_sensitivity/run178_r200_it5000_t20.0_tf0.01_s456_summary.json
179,run179_r200_it5000_t20.0_tf0.01_s789,200,5000,20.0,0.01,789,5.300000000000001,100000000000100,8.881784197001252e-16,88,0.44,PASS,results/tables/small_external_package_sa_sensitivity/run179_r200_it5000_t20.0_tf0.01_s789_runs.csv,results/tables/small_external_package_sa_sensitivity/run179_r200_it5000_t20.0_tf0.01_s789_summary.json
180,run180_r200_it10000_t2.0_tf0.0001_s123,200,10000,2.0,0.0001,123,5.300000000000001,100000000000100,8.881784197001252e-16,24,0.12,PASS,results/tables/small_external_package_sa_sensitivity/run180_r200_it10000_t2.0_tf0.0001_s123_runs.csv,results/tables/small_external_package_sa_sensitivity/run180_r200_it10000_t2.0_tf0.0001_s123_summary.json
181,run181_r200_it10000_t2.0_tf0.0001_s456,200,10000,2.0,0.0001,456,5.300000000000001,100000000000100,8.881784197001252e-16,14,0.07,PASS,results/tables/small_external_package_sa_sensitivity/run181_r200_it10000_t2.0_tf0.0001_s456_runs.csv,results/tables/small_external_package_sa_sensitivity/run181_r200_it10000_t2.0_tf0.0001_s456_summary.json
182,run182_r200_it10000_t2.0_tf0.0001_s789,200,10000,2.0,0.0001,789,5.300000000000001,100000000000100,8.881784197001252e-16,13,0.065,PASS,results/tables/small_external_package_sa_sensitivity/run182_r200_it10000_t2.0_tf0.0001_s789_runs.csv,results/tables/small_external_package_sa_sensitivity/run182_r200_it10000_t2.0_tf0.0001_s789_summary.json
183,run183_r200_it10000_t2.0_tf0.001_s123,200,10000,2.0,0.001,123,5.300000000000001,100000000000100,8.881784197001252e-16,20,0.1,PASS,results/tables/small_external_package_sa_sensitivity/run183_r200_it10000_t2.0_tf0.001_s123_runs.csv,results/tables/small_external_package_sa_sensitivity/run183_r200_it10000_t2.0_tf0.001_s123_summary.json
184,run184_r200_it10000_t2.0_tf0.001_s456,200,10000,2.0,0.001,456,5.300000000000001,100000000000100,8.881784197001252e-16,14,0.07,PASS,results/tables/small_external_package_sa_sensitivity/run184_r200_it10000_t2.0_tf0.001_s456_runs.csv,results/tables/small_external_package_sa_sensitivity/run184_r200_it10000_t2.0_tf0.001_s456_summary.json
185,run185_r200_it10000_t2.0_tf0.001_s789,200,10000,2.0,0.001,789,5.300000000000001,100000000000100,8.881784197001252e-16,11,0.055,PASS,results/tables/small_external_package_sa_sensitivity/run185_r200_it10000_t2.0_tf0.001_s789_runs.csv,results/tables/small_external_package_sa_sensitivity/run185_r200_it10000_t2.0_tf0.001_s789_summary.json
186,run186_r200_it10000_t2.0_tf0.01_s123,200,10000,2.0,0.01,123,5.300000000000001,100000000000100,8.881784197001252e-16,20,0.1,PASS,results/tables/small_external_package_sa_sensitivity/run186_r200_it10000_t2.0_tf0.01_s123_runs.csv,results/tables/small_external_package_sa_sensitivity/run186_r200_it10000_t2.0_tf0.01_s123_summary.json
187,run187_r200_it10000_t2.0_tf0.01_s456,200,10000,2.0,0.01,456,5.300000000000001,100000000000100,8.881784197001252e-16,11,0.055,PASS,results/tables/small_external_package_sa_sensitivity/run187_r200_it10000_t2.0_tf0.01_s456_runs.csv,results/tables/small_external_package_sa_sensitivity/run187_r200_it10000_t2.0_tf0.01_s456_summary.json
188,run188_r200_it10000_t2.0_tf0.01_s789,200,10000,2.0,0.01,789,5.300000000000001,100000000000100,8.881784197001252e-16,12,0.06,PASS,results/tables/small_external_package_sa_sensitivity/run188_r200_it10000_t2.0_tf0.01_s789_runs.csv,results/tables/small_external_package_sa_sensitivity/run188_r200_it10000_t2.0_tf0.01_s789_summary.json
189,run189_r200_it10000_t5.0_tf0.0001_s123,200,10000,5.0,0.0001,123,5.300000000000001,100000000000100,8.881784197001252e-16,13,0.065,PASS,results/tables/small_external_package_sa_sensitivity/run189_r200_it10000_t5.0_tf0.0001_s123_runs.csv,results/tables/small_external_package_sa_sensitivity/run189_r200_it10000_t5.0_tf0.0001_s123_summary.json
190,run190_r200_it10000_t5.0_tf0.0001_s456,200,10000,5.0,0.0001,456,5.300000000000001,100000000000100,8.881784197001252e-16,18,0.09,PASS,results/tables/small_external_package_sa_sensitivity/run190_r200_it10000_t5.0_tf0.0001_s456_runs.csv,results/tables/small_external_package_sa_sensitivity/run190_r200_it10000_t5.0_tf0.0001_s456_summary.json
191,run191_r200_it10000_t5.0_tf0.0001_s789,200,10000,5.0,0.0001,789,5.300000000000001,100000000000100,8.881784197001252e-16,8,0.04,PASS,results/tables/small_external_package_sa_sensitivity/run191_r200_it10000_t5.0_tf0.0001_s789_runs.csv,results/tables/small_external_package_sa_sensitivity/run191_r200_it10000_t5.0_tf0.0001_s789_summary.json
192,run192_r200_it10000_t5.0_tf0.001_s123,200,10000,5.0,0.001,123,5.300000000000001,100000000000100,8.881784197001252e-16,29,0.145,PASS,results/tables/small_external_package_sa_sensitivity/run192_r200_it10000_t5.0_tf0.001_s123_runs.csv,results/tables/small_external_package_sa_sensitivity/run192_r200_it10000_t5.0_tf0.001_s123_summary.json
193,run193_r200_it10000_t5.0_tf0.001_s456,200,10000,5.0,0.001,456,5.300000000000001,100000000000100,8.881784197001252e-16,20,0.1,PASS,results/tables/small_external_package_sa_sensitivity/run193_r200_it10000_t5.0_tf0.001_s456_runs.csv,results/tables/small_external_package_sa_sensitivity/run193_r200_it10000_t5.0_tf0.001_s456_summary.json
194,run194_r200_it10000_t5.0_tf0.001_s789,200,10000,5.0,0.001,789,5.300000000000001,100000000000100,8.881784197001252e-16,12,0.06,PASS,results/tables/small_external_package_sa_sensitivity/run194_r200_it10000_t5.0_tf0.001_s789_runs.csv,results/tables/small_external_package_sa_sensitivity/run194_r200_it10000_t5.0_tf0.001_s789_summary.json
195,run195_r200_it10000_t5.0_tf0.01_s123,200,10000,5.0,0.01,123,5.300000000000001,100000000000100,8.881784197001252e-16,16,0.08,PASS,results/tables/small_external_package_sa_sensitivity/run195_r200_it10000_t5.0_tf0.01_s123_runs.csv,results/tables/small_external_package_sa_sensitivity/run195_r200_it10000_t5.0_tf0.01_s123_summary.json
196,run196_r200_it10000_t5.0_tf0.01_s456,200,10000,5.0,0.01,456,5.300000000000001,100000000000100,8.881784197001252e-16,17,0.085,PASS,results/tables/small_external_package_sa_sensitivity/run196_r200_it10000_t5.0_tf0.01_s456_runs.csv,results/tables/small_external_package_sa_sensitivity/run196_r200_it10000_t5.0_tf0.01_s456_summary.json
197,run197_r200_it10000_t5.0_tf0.01_s789,200,10000,5.0,0.01,789,5.300000000000001,100000000000100,8.881784197001252e-16,16,0.08,PASS,results/tables/small_external_package_sa_sensitivity/run197_r200_it10000_t5.0_tf0.01_s789_runs.csv,results/tables/small_external_package_sa_sensitivity/run197_r200_it10000_t5.0_tf0.01_s789_summary.json
198,run198_r200_it10000_t10.0_tf0.0001_s123,200,10000,10.0,0.0001,123,5.300000000000001,100000000000100,8.881784197001252e-16,27,0.135,PASS,results/tables/small_external_package_sa_sensitivity/run198_r200_it10000_t10.0_tf0.0001_s123_runs.csv,results/tables/small_external_package_sa_sensitivity/run198_r200_it10000_t10.0_tf0.0001_s123_summary.json
199,run199_r200_it10000_t10.0_tf0.0001_s456,200,10000,10.0,0.0001,456,5.300000000000001,100000000000100,8.881784197001252e-16,33,0.165,PASS,results/tables/small_external_package_sa_sensitivity/run199_r200_it10000_t10.0_tf0.0001_s456_runs.csv,results/tables/small_external_package_sa_sensitivity/run199_r200_it10000_t10.0_tf0.0001_s456_summary.json
200,run200_r200_it10000_t10.0_tf0.0001_s789,200,10000,10.0,0.0001,789,5.300000000000001,100000000000100,8.881784197001252e-16,28,0.14,PASS,results/tables/small_external_package_sa_sensitivity/run200_r200_it10000_t10.0_tf0.0001_s789_runs.csv,results/tables/small_external_package_sa_sensitivity/run200_r200_it10000_t10.0_tf0.0001_s789_summary.json
201,run201_r200_it10000_t10.0_tf0.001_s123,200,10000,10.0,0.001,123,5.300000000000001,100000000000100,8.881784197001252e-16,39,0.195,PASS,results/tables/small_external_package_sa_sensitivity/run201_r200_it10000_t10.0_tf0.001_s123_runs.csv,results/tables/small_external_package_sa_sensitivity/run201_r200_it10000_t10.0_tf0.001_s123_summary.json
202,run202_r200_it10000_t10.0_tf0.001_s456,200,10000,10.0,0.001,456,5.300000000000001,100000000000100,8.881784197001252e-16,44,0.22,PASS,results/tables/small_external_package_sa_sensitivity/run202_r200_it10000_t10.0_tf0.001_s456_runs.csv,results/tables/small_external_package_sa_sensitivity/run202_r200_it10000_t10.0_tf0.001_s456_summary.json
203,run203_r200_it10000_t10.0_tf0.001_s789,200,10000,10.0,0.001,789,5.300000000000001,100000000000100,8.881784197001252e-16,32,0.16,PASS,results/tables/small_external_package_sa_sensitivity/run203_r200_it10000_t10.0_tf0.001_s789_runs.csv,results/tables/small_external_package_sa_sensitivity/run203_r200_it10000_t10.0_tf0.001_s789_summary.json
204,run204_r200_it10000_t10.0_tf0.01_s123,200,10000,10.0,0.01,123,5.300000000000001,100000000000100,8.881784197001252e-16,56,0.28,PASS,results/tables/small_external_package_sa_sensitivity/run204_r200_it10000_t10.0_tf0.01_s123_runs.csv,results/tables/small_external_package_sa_sensitivity/run204_r200_it10000_t10.0_tf0.01_s123_summary.json
205,run205_r200_it10000_t10.0_tf0.01_s456,200,10000,10.0,0.01,456,5.300000000000001,100000000000100,8.881784197001252e-16,48,0.24,PASS,results/tables/small_external_package_sa_sensitivity/run205_r200_it10000_t10.0_tf0.01_s456_runs.csv,results/tables/small_external_package_sa_sensitivity/run205_r200_it10000_t10.0_tf0.01_s456_summary.json
206,run206_r200_it10000_t10.0_tf0.01_s789,200,10000,10.0,0.01,789,5.300000000000001,100000000000100,8.881784197001252e-16,49,0.245,PASS,results/tables/small_external_package_sa_sensitivity/run206_r200_it10000_t10.0_tf0.01_s789_runs.csv,results/tables/small_external_package_sa_sensitivity/run206_r200_it10000_t10.0_tf0.01_s789_summary.json
207,run207_r200_it10000_t20.0_tf0.0001_s123,200,10000,20.0,0.0001,123,5.300000000000001,100000000000100,8.881784197001252e-16,113,0.565,PASS,results/tables/small_external_package_sa_sensitivity/run207_r200_it10000_t20.0_tf0.0001_s123_runs.csv,results/tables/small_external_package_sa_sensitivity/run207_r200_it10000_t20.0_tf0.0001_s123_summary.json
208,run208_r200_it10000_t20.0_tf0.0001_s456,200,10000,20.0,0.0001,456,5.300000000000001,100000000000100,8.881784197001252e-16,113,0.565,PASS,results/tables/small_external_package_sa_sensitivity/run208_r200_it10000_t20.0_tf0.0001_s456_runs.csv,results/tables/small_external_package_sa_sensitivity/run208_r200_it10000_t20.0_tf0.0001_s456_summary.json
209,run209_r200_it10000_t20.0_tf0.0001_s789,200,10000,20.0,0.0001,789,5.300000000000001,100000000000100,8.881784197001252e-16,108,0.54,PASS,results/tables/small_external_package_sa_sensitivity/run209_r200_it10000_t20.0_tf0.0001_s789_runs.csv,results/tables/small_external_package_sa_sensitivity/run209_r200_it10000_t20.0_tf0.0001_s789_summary.json
210,run210_r200_it10000_t20.0_tf0.001_s123,200,10000,20.0,0.001,123,5.300000000000001,100000000000100,8.881784197001252e-16,124,0.62,PASS,results/tables/small_external_package_sa_sensitivity/run210_r200_it10000_t20.0_tf0.001_s123_runs.csv,results/tables/small_external_package_sa_sensitivity/run210_r200_it10000_t20.0_tf0.001_s123_summary.json
211,run211_r200_it10000_t20.0_tf0.001_s456,200,10000,20.0,0.001,456,5.300000000000001,100000000000100,8.881784197001252e-16,127,0.635,PASS,results/tables/small_external_package_sa_sensitivity/run211_r200_it10000_t20.0_tf0.001_s456_runs.csv,results/tables/small_external_package_sa_sensitivity/run211_r200_it10000_t20.0_tf0.001_s456_summary.json
212,run212_r200_it10000_t20.0_tf0.001_s789,200,10000,20.0,0.001,789,5.300000000000001,100000000000100,8.881784197001252e-16,113,0.565,PASS,results/tables/small_external_package_sa_sensitivity/run212_r200_it10000_t20.0_tf0.001_s789_runs.csv,results/tables/small_external_package_sa_sensitivity/run212_r200_it10000_t20.0_tf0.001_s789_summary.json
213,run213_r200_it10000_t20.0_tf0.01_s123,200,10000,20.0,0.01,123,5.300000000000001,100000000000100,8.881784197001252e-16,135,0.675,PASS,results/tables/small_external_package_sa_sensitivity/run213_r200_it10000_t20.0_tf0.01_s123_runs.csv,results/tables/small_external_package_sa_sensitivity/run213_r200_it10000_t20.0_tf0.01_s123_summary.json
214,run214_r200_it10000_t20.0_tf0.01_s456,200,10000,20.0,0.01,456,5.300000000000001,100000000000100,8.881784197001252e-16,145,0.725,PASS,results/tables/small_external_package_sa_sensitivity/run214_r200_it10000_t20.0_tf0.01_s456_runs.csv,results/tables/small_external_package_sa_sensitivity/run214_r200_it10000_t20.0_tf0.01_s456_summary.json
215,run215_r200_it10000_t20.0_tf0.01_s789,200,10000,20.0,0.01,789,5.300000000000001,100000000000100,8.881784197001252e-16,130,0.65,PASS,results/tables/small_external_package_sa_sensitivity/run215_r200_it10000_t20.0_tf0.01_s789_runs.csv,results/tables/small_external_package_sa_sensitivity/run215_r200_it10000_t20.0_tf0.01_s789_summary.json
